id,first_name,last_name,email,gender,ip_address
1,Daloris,Lutman,dlutman0@sun.com,Male,15.116.165.45
2,Iorgo,MacShirie,imacshirie1@columbia.edu,Male,51.252.244.13
3,Cullan,Haliburton,chaliburton2@joomla.org,Non-binary,162.71.154.149
4,Lorry,Lailey,llailey3@pagesperso-orange.fr,Genderfluid,42.96.194.225
5,Matilde,Lieber,mlieber4@narod.ru,Genderqueer,203.96.209.205
6,Hobie,Garlett,hgarlett5@pagesperso-orange.fr,Genderqueer,66.186.198.26
7,Lizabeth,Clementson,lclementson6@woothemes.com,Male,112.105.3.240
8,Forbes,Fancott,ffancott7@constantcontact.com,Female,132.51.175.21
9,Ainsley,McInnes,amcinnes8@tamu.edu,Genderfluid,177.173.205.128
10,Fee,Harm,fharm9@biblegateway.com,Non-binary,87.247.245.65
